{
  "project_info": {
    "project_number": "335422343329",
    "project_id": "fluto-5c702",
    "storage_bucket": "fluto-5c702.appspot.com"
  },
  "client": [
    {
      "client_info": {
        "mobilesdk_app_id": "1:335422343329:android:69d6192c37c3cb1a9388e0",
        "android_client_info": {
          "package_name": "com.android.application"
        }
      },
      "oauth_client": [
        {
          "client_id": "335422343329-60bgmd81elq9683oeurc43ddpgffi3kb.apps.googleusercontent.com",
          "client_type": 3
        }
      ],
      "api_key": [
        {
          "current_key": "AIzaSyBhh37gB9Jy-EKGCF67Y7_73oMeXIkzdEI"
        }
      ],
      "services": {
        "appinvite_service": {
          "other_platform_oauth_client": [
            {
              "client_id": "335422343329-60bgmd81elq9683oeurc43ddpgffi3kb.apps.googleusercontent.com",
              "client_type": 3
            }
          ]
        }
      }
    }
  ],
  "configuration_version": "1"
}